Assembly	# contigs (>= 0 bp)	# contigs (>= 1000 bp)	# contigs (>= 5000 bp)	# contigs (>= 10000 bp)	# contigs (>= 25000 bp)	# contigs (>= 50000 bp)	Total length (>= 0 bp)	Total length (>= 1000 bp)	Total length (>= 5000 bp)	Total length (>= 10000 bp)	Total length (>= 25000 bp)	Total length (>= 50000 bp)	# contigs	Largest contig	Total length	GC (%)	N50	N75	L50	L75	# N's per 100 kbp
001	109	49	36	33	30	26	10659202	10635224	10603832	10579178	10522303	10396282	58	2064977	10642365	43.73	762219	320642	5	10	0.00
002	189	81	56	55	45	31	5753393	5712016	5659635	5651041	5469862	4953622	93	694668	5720918	62.85	178901	91796	11	22	0.00
003	209	105	67	53	40	29	5131347	5087619	4993125	4894133	4677648	4285556	130	300753	5104944	55.41	146720	91335	12	23	0.00
004	1661	1376	930	680	276	82	21956925	21819763	20634298	18788278	12181992	5489131	1482	108060	21896260	67.51	28621	15326	230	492	0.00
006	190	96	63	51	39	28	5121821	5082987	4996100	4906536	4712019	4319132	119	300739	5099444	55.42	146408	93173	12	22	0.00
007	101	36	28	26	25	22	5392303	5366932	5348640	5332251	5312971	5190625	45	764522	5372775	59.69	350058	171278	6	12	0.00
008	124	45	32	30	28	25	10669073	10638886	10609086	10590961	10557015	10460253	58	2087430	10647021	43.73	805181	400368	5	9	0.00
009	213	110	77	66	51	33	4682464	4639996	4562462	4487606	4252223	3616895	131	300242	4655254	50.80	105359	55133	16	31	0.00
010	107	57	38	33	27	22	5586240	5567190	5531178	5493767	5401646	5227263	66	885686	5573762	52.06	280488	186908	7	14	0.00
011	459	34	24	20	16	16	6133323	5966398	5949532	5917917	5844198	5844198	88	975415	5999169	58.53	453424	293062	4	8	0.00
014	129	46	36	33	26	22	5834717	5804314	5783130	5767125	5639577	5495732	58	1057986	5812623	57.51	371583	162857	6	11	0.00
015	70	17	13	12	12	9	5263984	5243478	5234722	5229186	5229186	5136961	26	2994320	5249796	55.50	2994320	484780	1	3	0.00
016	1137	55	39	36	33	28	11112388	10649873	10616333	10592438	10535319	10377070	286	1586998	10795114	43.86	546489	279941	7	12	0.00
017	322	102	66	51	38	28	5161129	5073561	4978990	4865795	4641542	4282811	136	301151	5097774	55.37	146719	90592	12	22	0.00
018	88	35	26	22	18	18	6050283	6030911	6013352	5981737	5908018	5908018	43	901272	6036045	58.49	394441	254475	5	10	0.00
019	180	98	64	49	38	28	5100679	5067371	4975651	4866448	4677497	4318726	118	301151	5081698	55.39	146719	93173	12	22	0.00
020	78	30	19	18	18	15	5284593	5267495	5247556	5242041	5242041	5149243	36	1444125	5270986	55.53	573096	224994	3	7	0.00
021	69	30	24	23	21	15	4764100	4749424	4737932	4730740	4701435	4511757	38	823304	4754845	54.69	473186	244116	4	8	0.00
022	98	32	26	25	24	19	4745068	4720805	4704791	4697455	4684966	4500890	42	1031920	4727313	57.70	283756	145938	4	10	0.00
023	201	98	66	52	39	28	5120426	5079491	4997914	4895980	4679392	4291041	122	301152	5096103	55.42	140829	93173	12	22	0.00
024	116	51	39	35	34	26	5840584	5817157	5793359	5767611	5744843	5498419	59	871676	5822261	57.28	258159	141135	6	14	0.00
025	272	56	35	33	30	26	10732836	10651316	10607640	10589515	10532638	10406694	79	2066119	10664756	43.74	805260	400361	5	9	0.00
026	96	34	26	25	24	19	4749105	4723674	4706656	4699146	4686657	4502236	49	1032108	4734030	57.67	239633	153452	5	10	0.00
027	142	66	48	44	40	31	6247267	6216519	6177985	6147582	6070225	5761203	83	532550	6228554	60.78	216218	139021	10	19	0.00
028-1	120	47	32	26	20	19	5568177	5540040	5508447	5466773	5349175	5300518	61	819955	5549613	35.30	410784	207567	5	10	0.00
028-2	169	33	24	21	16	12	2461241	2409963	2391008	2369013	2276316	2137425	46	385045	2419009	34.88	207796	103450	4	9	0.00
029	107	55	40	38	32	23	5560832	5543760	5510450	5495558	5390923	5084293	59	609113	5546328	53.16	266840	131621	7	14	0.00
030	172	99	63	49	39	28	5098238	5067601	4966675	4862779	4697748	4319072	120	301152	5082617	55.40	146719	93173	12	22	0.00
031	69	31	26	24	24	18	5720985	5705256	5692897	5678527	5678527	5487302	42	1287288	5712500	57.23	474572	190149	4	8	0.00
032	95	27	23	22	21	16	4412431	4387434	4382019	4375003	4350988	4194239	35	901495	4392855	48.74	365789	181824	4	9	0.00
033	162	66	44	39	35	30	5976778	5942351	5906901	5865567	5791168	5619203	79	878687	5950926	57.42	249871	104238	8	16	0.00
034	79	29	23	22	20	15	4767263	4749221	4737897	4730705	4701400	4541820	36	823304	4754176	54.69	492585	244116	4	8	0.00
036	96	52	36	36	31	23	5558468	5544180	5509498	5509498	5420022	5116720	54	617097	5545397	53.16	266772	136517	7	13	0.00
037	335	30	23	22	20	15	4873351	4750841	4738098	4730906	4701601	4542021	80	823304	4782560	54.58	492585	244116	4	8	0.00
038	114	61	42	37	31	24	5586642	5568985	5534607	5497196	5405075	5158138	66	885682	5572443	52.06	226096	173932	8	15	0.00
039	182	99	66	51	40	29	5113916	5080369	4996462	4883861	4701502	4314925	118	301152	5094222	55.42	146720	88555	12	23	0.00
041	66	34	30	28	26	19	4993863	4982389	4970691	4956197	4926599	4694790	36	651239	4984298	51.83	326494	192254	5	10	0.00
042	143	57	32	30	26	22	5836955	5806301	5747631	5735763	5659143	5511104	65	760939	5811884	51.90	256484	159071	6	14	0.00
043	81	29	23	22	20	15	4769187	4749724	4738014	4730592	4701287	4541541	37	823304	4755105	54.69	492572	244116	4	8	0.00
044	117	54	43	37	29	20	5510695	5484644	5466970	5430442	5294630	4973104	68	698733	5495167	51.78	281128	159795	6	12	0.00
045	63	31	27	25	23	17	4993190	4981496	4969544	4955050	4926115	4729609	33	977525	4983342	51.83	506383	192201	4	8	0.00
046	59	23	16	15	14	12	4388008	4375932	4361063	4351884	4333661	4278731	25	1134846	4377036	53.03	564051	294497	3	6	0.00
048	90	30	19	18	18	15	5287996	5267794	5247720	5242205	5242205	5149407	33	1444125	5269697	55.52	573096	224994	3	7	0.00
049	120	52	37	34	31	28	10662626	10634191	10600823	10573215	10527456	10430638	64	1302695	10643805	43.73	805180	279944	6	11	0.00
051	104	61	45	42	37	27	5559015	5544822	5509909	5488689	5398974	5017310	65	561018	5547392	53.16	264785	93544	7	17	0.00
052	198	31	23	20	19	15	4776917	4715268	4702183	4685025	4669452	4537028	42	1010911	4722383	55.84	567694	183276	3	7	0.00
053	160	50	34	32	29	25	10679510	10638592	10605319	10587191	10543173	10417149	63	2076726	10647536	43.73	805181	400369	5	9	0.00
054	166	103	79	76	59	45	5887776	5862477	5811274	5788296	5505946	4999830	120	287822	5872772	62.58	112031	67178	19	36	0.00
055	102	51	40	40	34	26	5560601	5540676	5512416	5512416	5407585	5119279	59	617097	5545981	53.16	266840	106971	7	15	0.00
056	77	29	22	20	18	15	4411545	4392649	4380422	4365056	4332627	4250936	37	982285	4398461	53.00	392384	242101	4	8	0.00
058	174	83	56	44	36	29	4956729	4922577	4853607	4764319	4603785	4362614	100	374513	4933579	58.37	150627	95737	12	21	0.00
059	37	14	12	11	11	9	4361865	4353856	4349241	4343716	4343716	4288724	16	1221260	4355336	52.93	1190314	456811	2	4	0.00
060	127	62	53	49	41	29	5489788	5467977	5450913	5415496	5264210	4798082	68	374265	5472385	55.34	199103	101636	10	20	0.00
061	1308	62	40	37	32	23	6089052	5553837	5510651	5487465	5397940	5075103	350	609094	5731964	53.17	266840	121867	7	15	0.00
062	44	14	12	11	11	9	4364490	4353885	4348821	4343296	4343296	4288304	16	1221611	4355399	52.93	1189951	456639	2	4	0.00
064	76	24	14	13	11	10	4148471	4129386	4104567	4096986	4066872	4025272	29	772492	4132473	66.91	440879	392496	4	6	0.00
065	149	71	54	49	40	33	6355015	6322906	6280433	6244082	6071419	5820521	90	654886	6334846	60.18	232560	86437	9	19	0.00
066	507	59	41	40	36	27	5723093	5547937	5511355	5503221	5426105	5093647	125	609190	5586401	53.15	266840	101566	7	16	0.00
067	91	30	24	23	21	16	4770610	4749541	4737831	4730639	4701334	4542021	37	696571	4754068	54.69	353421	209924	5	9	0.00
068	317	52	38	36	32	29	10740351	10641627	10610602	10596934	10528689	10431815	71	1576859	10653656	43.73	546314	236324	6	12	0.00
069	106	59	43	38	30	21	5508162	5489561	5461223	5429697	5293885	4972464	70	635656	5496786	51.78	280889	131272	6	13	0.00
070	110	52	39	35	33	25	5839826	5818804	5793756	5768008	5725739	5479272	60	871460	5823608	57.28	263567	141131	6	14	0.00
071	92	46	32	30	26	23	10653336	10634623	10605000	10586891	10518468	10421638	56	2053624	10641021	43.73	950186	400348	4	8	0.00
072	161	89	70	59	48	40	7138293	7106089	7066015	6979160	6816803	6538936	113	542934	7122757	62.39	166416	117700	13	26	0.00
073	61	34	18	17	17	15	5357633	5345575	5314803	5309638	5309638	5243374	42	1320591	5351300	52.09	499777	239292	3	7	0.00
074	114	58	40	35	29	24	5587018	5567374	5534487	5497076	5404955	5230450	66	885686	5572935	52.06	226108	185381	8	15	0.00
075	38	13	11	10	10	8	4363347	4353909	4349294	4343769	4343769	4288777	17	2411320	4356373	52.92	2411320	499288	1	3	0.00
076	91	54	43	40	36	32	5610865	5598357	5579674	5557673	5497375	5349187	57	441325	5600727	52.16	226108	120884	9	18	0.00
077	64	26	17	16	15	11	5293973	5279778	5263152	5257619	5239322	5118451	32	2444706	5283619	55.40	482895	318409	2	5	0.00
078	157	50	40	37	35	31	5636909	5595960	5579088	5557088	5529686	5381707	68	498166	5607619	52.17	226047	138552	9	17	0.00
079	166	93	66	52	40	28	5116307	5083352	5014414	4905847	4706028	4285410	115	300739	5099704	55.42	146720	91338	12	23	0.00
081	106	46	33	31	29	26	10659846	10636970	10610969	10592840	10558829	10462043	54	2087515	10642607	43.72	788823	403991	5	9	0.00
082	182	100	67	52	41	28	5116422	5081800	4994243	4882488	4700827	4257083	123	300904	5098345	55.42	140829	91335	12	23	0.00
083	257	122	90	70	56	41	8767408	8710300	8624345	8480714	8238775	7656243	154	878464	8733855	62.02	207104	108695	14	28	0.00
084	95	55	43	38	34	27	10650530	10634075	10607773	10565250	10499161	10233105	67	1692987	10641655	43.72	494643	324767	6	13	0.00
085	112	57	38	37	35	25	5890693	5868774	5826731	5820701	5787873	5449946	68	1215285	5876914	57.25	299394	127237	6	14	0.00
087	70	29	23	22	20	15	4764503	4749700	4738074	4730882	4701577	4541998	34	823304	4753406	54.69	492338	244116	4	8	0.00
088	111	54	40	36	35	27	5837115	5816149	5791092	5765344	5742576	5481383	63	871460	5822347	57.28	230332	136943	7	15	0.00
089	86	32	25	24	23	18	5616922	5597713	5582938	5577675	5554334	5388396	40	1443128	5602748	57.26	382728	216283	4	8	0.00
090	146	81	56	45	36	29	4946876	4921766	4853867	4773403	4597876	4375985	95	374491	4930939	58.37	158917	95737	11	21	0.00
091	79	15	14	13	12	10	4510086	4483488	4482003	4476777	4460145	4378846	29	1201651	4492438	65.92	421453	351905	4	6	0.00
092	112	57	42	42	35	27	5562067	5543061	5510435	5510435	5384881	5096678	63	617097	5546878	53.16	266840	101566	7	15	0.00
093	97	53	40	36	35	27	5834586	5817500	5793345	5767597	5744829	5478452	61	835960	5823005	57.28	257943	141126	7	15	0.00
094	102	47	35	32	29	26	10658099	10636792	10613958	10590436	10534260	10437504	57	2064291	10643790	43.73	761989	322767	5	11	0.00
095	70	27	22	21	20	15	2522183	2507661	2495525	2487064	2463428	2269348	28	398171	2508300	32.54	184984	92987	6	10	0.00
096	1547	57	34	31	28	25	11317183	10654795	10617065	10593350	10536483	10439699	446	1612235	10901557	44.01	805181	403991	5	11	0.00
098	118	60	50	46	39	29	5486761	5467264	5449172	5413755	5286882	4896192	65	483533	5470625	55.34	244258	101636	9	18	0.00
099	68	37	28	27	23	19	4530279	4518569	4498695	4493503	4426353	4269063	41	634679	4521220	66.41	372431	132834	5	11	0.00
100	62	29	23	22	20	16	4762440	4750130	4738286	4731094	4701789	4569667	34	851018	4753681	54.69	353421	209924	5	9	0.00
101	113	54	40	38	33	25	5563168	5541808	5509807	5494930	5405254	5108798	61	609113	5546686	53.16	266840	131381	7	14	0.00
102	149	89	69	68	58	43	5880942	5857472	5818209	5810686	5651229	5140779	100	322794	5864788	62.59	132277	70177	15	31	0.00
103	148	89	49	44	41	33	6421039	6390980	6302207	6265413	6213697	5928588	112	537665	6408225	60.72	212101	121275	10	20	0.00
104	255	54	40	36	35	27	5899748	5820485	5792568	5766820	5744052	5497642	87	836138	5842149	57.20	258159	141115	7	15	0.00
105	72	31	24	22	21	18	4408898	4393574	4381001	4365635	4345050	4263359	39	551842	4399221	53.00	327455	209887	6	10	0.00
106	67	29	23	22	20	15	4763198	4749786	4738076	4730884	4701579	4541833	34	823304	4753492	54.69	492585	244116	4	8	0.00
109	82	31	25	24	23	18	4739232	4721018	4706713	4699352	4686863	4502710	39	1032094	4726047	57.70	347149	154025	4	9	0.00
110	115	54	38	36	31	23	5564056	5543199	5510388	5495496	5405778	5109064	59	609113	5546457	53.16	266840	131621	7	14	0.00
111	80	18	13	13	13	10	4891950	4871762	4862335	4862335	4862335	4772459	24	1932231	4875268	55.17	868019	447041	2	4	0.00
112	96	50	36	36	31	23	5559458	5544542	5511557	5511557	5421531	5117458	53	617097	5546413	53.16	266840	131621	7	13	0.00
113	106	35	25	25	21	17	4542413	4516404	4493214	4493214	4422908	4265506	44	789238	4522138	66.40	426621	132715	4	9	0.00
114	122	58	40	35	29	23	5590008	5567446	5534485	5497074	5404953	5187704	66	885686	5572976	52.06	260804	186908	8	14	0.00
115	64	31	21	21	20	17	5448089	5436103	5416096	5416096	5401976	5295310	35	854636	5439088	53.01	473013	227492	4	8	0.00
116	85	37	30	27	25	20	5074177	5057852	5040904	5020573	4987987	4812973	41	1079186	5060453	53.58	425738	170971	4	9	0.00
117	189	57	44	36	29	20	5537540	5489688	5469189	5419494	5296181	4974747	65	698420	5495496	51.78	281128	159795	6	12	0.00
118	151	35	25	21	17	17	6304254	6259447	6240178	6208563	6134844	6134844	50	901272	6269340	58.50	453424	321959	5	9	0.00
119	196	13	11	10	10	8	4422440	4354148	4349084	4343559	4343559	4288567	27	2411615	4363044	52.93	2411615	456827	1	3	0.00
120	236	26	21	17	14	11	3713259	3633173	3620788	3597210	3537643	3414439	47	878534	3645784	71.24	408180	216385	3	7	0.00
121	344	59	39	34	28	23	5680921	5570389	5534272	5496861	5404740	5230235	95	885686	5592782	52.07	260804	186908	8	14	0.00
122	342	56	40	36	34	28	6336558	6227644	6195646	6167131	6130191	5897976	93	819618	6250045	60.24	285271	139449	7	14	0.00
124	265	66	54	52	42	34	5429890	5356983	5334032	5319020	5149593	4868191	83	353269	5367300	55.40	166777	87035	12	22	0.00
125	759	77	52	50	42	35	7013886	6736256	6687567	6675134	6544210	6291654	190	448622	6806159	61.05	234809	123854	11	21	0.00
126	114	36	22	20	20	16	5122076	5093149	5059247	5043845	5043845	4914850	46	1310606	5101017	52.53	508837	232221	3	7	0.00
127	90	41	30	29	27	24	10652283	10632665	10609292	10600874	10566981	10470176	51	2932057	10639847	43.73	805181	466986	4	8	0.00
128	84	29	20	20	19	16	5517515	5495748	5479984	5479984	5455889	5352595	40	1114809	5503374	56.12	424431	217910	4	8	0.00
129	125	58	39	34	28	23	5592923	5568655	5534448	5497037	5404916	5230411	67	885686	5574914	52.06	260804	186908	8	14	0.00
130	1767	26	12	11	11	9	5149425	4367739	4348956	4343431	4343431	4288439	504	1343824	4671213	52.93	623231	393825	3	5	0.00
131	112	56	38	33	27	22	5586630	5567194	5534233	5496822	5404701	5230196	63	885686	5572059	52.06	280390	186908	7	14	0.00
132	110	45	31	29	27	24	10661792	10637488	10608546	10590421	10556434	10459607	54	2932425	10643425	43.73	805184	466995	4	8	0.00
133	140	46	31	30	27	23	5433989	5393950	5361140	5353203	5298763	5165612	72	537969	5411269	52.35	256783	191554	8	13	0.00
134	95	34	26	23	17	12	2430879	2407913	2391488	2369493	2274957	2090299	46	384891	2415828	34.84	207796	102325	4	9	0.00
135	86	46	34	32	30	26	10648714	10633816	10604521	10586401	10552525	10422361	53	1902827	10638531	43.72	833137	389578	4	10	0.00
136	109	57	39	34	28	23	5584470	5567291	5534404	5496987	5404866	5230361	63	885692	5571541	52.06	260804	186908	8	14	0.00
137	77	29	23	22	20	15	4765692	4749420	4738096	4730904	4701599	4542150	33	823304	4752146	54.69	492465	244116	4	8	0.00
138	956	768	335	170	52	23	10287801	10186045	9037964	7900443	6090083	5134928	859	823304	10253690	53.29	50665	10968	23	151	0.00
139	288	100	67	51	38	28	5157919	5085891	5002499	4885124	4668371	4309449	127	300739	5104224	55.41	146719	93173	12	22	0.00
140	108	52	39	35	33	25	5836852	5816514	5792798	5767050	5724591	5478167	60	871460	5822009	57.28	263567	141135	6	14	0.00
141	83	33	27	26	25	20	4738759	4720991	4706554	4699059	4686570	4502048	40	1031914	4725491	57.70	239651	146061	5	11	0.00
142	7130	1041	31	25	24	21	10081214	6886421	5374275	5332310	5313030	5190684	3887	764522	8830513	57.76	137670	1126	13	793	0.00
143	4675	1149	32	15	15	13	7300551	5376939	3547631	3439085	3439085	3368964	2961	432566	6637638	62.37	77095	1237	13	790	0.00
144	110	45	32	28	27	22	5893117	5872909	5845769	5820031	5797253	5623700	48	1130772	5875090	57.62	313094	167107	5	11	0.00
145	75	32	20	17	15	12	4525068	4511505	4478517	4460525	4431341	4337905	34	918871	4513065	53.05	637011	247970	3	6	0.00
146	103	37	28	22	17	16	6056936	6030708	6014484	5965581	5880484	5843909	50	975182	6038764	58.48	453424	293184	4	8	0.00
147	130	73	52	51	40	33	6754579	6733503	6687874	6680859	6510933	6263275	81	448621	6738577	61.23	255993	135316	10	20	0.00
148	92	39	29	28	26	20	5815594	5799704	5778397	5771687	5738964	5534731	41	1444665	5800765	56.92	368274	205562	4	9	0.00
149	93	40	29	28	26	20	5818033	5800970	5776395	5769685	5736962	5534644	44	1444576	5803467	56.92	366057	224989	5	9	0.00
150	113	56	38	33	27	22	5586423	5567278	5534192	5496781	5404660	5230155	62	885686	5571673	52.06	289999	190021	7	13	0.00
151	91	43	35	33	31	28	6124983	6107754	6093111	6082689	6053692	5931092	50	807879	6112206	60.25	288921	153337	6	13	0.00
152	116	52	39	35	34	25	5840517	5817210	5793166	5767418	5744650	5449999	59	871460	5822148	57.28	263567	141135	6	14	0.00
153	111	37	23	21	21	17	5119871	5093783	5059771	5044369	5044369	4915374	44	1310740	5099292	52.53	508837	232062	3	7	0.00
155	3243	2042	222	48	35	25	11889623	11151358	7060689	5940066	5772474	5450410	2824	871604	11728649	58.61	11376	2889	42	688	0.00
156	75	18	13	13	13	10	4892598	4873216	4862810	4862810	4862810	4772870	23	1932230	4876189	55.17	868019	447041	2	4	0.00
157	92	40	27	23	21	20	7242108	7221235	7204154	7177517	7154788	7122183	49	974265	7227605	59.59	451366	289234	6	11	0.00
158	362	54	36	33	30	25	5357551	5235677	5200815	5181139	5128776	4955655	99	783104	5263740	52.38	250448	138549	8	15	0.00
159	100	30	24	23	21	16	4774624	4748992	4737668	4730476	4701171	4541722	38	823304	4754320	54.69	353421	209924	5	9	0.00
160	104	55	44	40	37	33	5613661	5596964	5578818	5551465	5507676	5364753	61	441325	5601096	52.16	175112	120884	10	19	0.00
161	152	62	50	48	43	34	6204084	6172625	6147720	6130332	6065355	5770495	68	395978	6176728	55.75	188200	126142	12	22	0.00
162	175	61	51	48	40	33	5506381	5469062	5450970	5425347	5281090	5045120	67	416637	5472838	55.35	245246	84072	9	19	0.00
163	154	57	33	27	23	18	5704182	5666091	5615427	5573515	5517647	5356574	71	1050614	5676690	53.90	515776	207040	4	9	0.00
164	76	28	21	19	18	15	4411314	4393198	4380729	4365363	4344778	4263087	34	982536	4397564	53.00	392384	242101	4	8	0.00
165	113	53	40	36	35	25	5838711	5817983	5793055	5767307	5744539	5408912	59	871350	5822209	57.28	263567	141135	6	14	0.00
166	117	28	18	17	17	14	4556945	4523542	4506133	4499318	4499318	4407016	38	1192670	4530197	48.59	623964	221709	3	6	0.00
167	88	29	22	22	21	18	5517033	5494026	5480557	5480557	5456462	5353019	39	1114642	5501295	56.12	424431	217910	4	8	0.00
169	87	40	28	28	24	21	4537391	4519584	4494085	4494085	4434306	4315725	46	547695	4523375	66.40	279787	132061	6	12	0.00
171	98	35	28	25	24	21	5078417	5056450	5039453	5019913	5006352	4907682	41	1079537	5060361	53.59	397529	170971	4	10	0.00
172	3134	1545	62	19	18	15	8427372	7458141	4635510	4366992	4346407	4264716	2576	982440	8210742	53.95	85953	1924	13	606	0.00
173	1216	991	423	187	30	15	10599860	10469266	8994661	7300132	4976715	4507787	1117	823304	10565191	56.23	21568	8112	44	258	0.00
174	2106	1753	858	400	105	65	21200055	21006255	18567220	15289763	11058823	9757474	1943	487333	21144074	48.32	29119	9120	87	460	0.00
175	140	59	41	38	35	31	5972657	5943065	5907741	5879116	5828568	5706316	69	879009	5950178	57.41	282828	113654	7	16	0.00
176	115	57	39	34	28	23	5587130	5567294	5534333	5497037	5404801	5230296	63	885686	5571593	52.06	260804	186908	8	14	0.00
177	169	36	25	21	17	17	6308936	6259675	6238710	6207095	6133376	6133376	50	901272	6268459	58.51	453424	321959	5	9	0.00
178	3297	286	19	17	16	12	7092251	5561837	5203182	5192062	5172367	5047836	1550	2566778	6415933	55.07	478923	118411	3	10	0.00
179	179	86	49	36	30	21	4998900	4961876	4869465	4781728	4685262	4342020	109	620054	4977184	56.62	250002	124375	7	14	0.00
180	175	74	54	53	48	32	5994451	5955385	5916292	5906300	5803878	5229761	93	564972	5968754	57.12	167708	94244	11	22	0.00
181	120	54	32	30	26	22	5828665	5802813	5747628	5735760	5659122	5511236	69	760955	5812767	51.90	256484	159167	6	14	0.00
182	113	56	32	30	26	22	5825873	5804523	5747316	5735448	5658810	5510924	68	760939	5812353	51.90	256484	159167	6	14	0.00
183	43	15	13	12	12	10	4362680	4353572	4348957	4343432	4343432	4288440	17	1221521	4355052	52.93	596041	387180	3	5	0.00
184	120	56	41	39	34	26	5564864	5543379	5510925	5496033	5406357	5109914	60	473932	5546376	53.16	264785	107085	8	16	0.00
185	322	58	40	34	28	23	5675386	5572772	5539686	5496930	5404809	5230304	93	885686	5594666	52.06	260804	186908	8	14	0.00
186	583	29	20	19	18	13	4999030	4780258	4760528	4753514	4742308	4577996	99	1457603	4821420	56.21	466724	210194	3	7	0.00
187	934	60	32	30	26	22	6173887	5809290	5747366	5735498	5658864	5510978	234	760939	5915488	51.93	237790	159168	7	14	0.00
189	4348	1896	219	61	27	21	11038842	9702931	6191000	5120163	4646714	4464511	3119	1040005	10567590	58.17	8786	2352	79	734	0.00
191	1171	111	66	50	38	28	5540514	5102316	5005552	4884281	4678007	4319192	306	301152	5225728	55.33	146720	91335	12	23	0.00
192	589	65	55	53	44	36	5560169	5355016	5335282	5320431	5157879	4876668	123	353143	5390225	55.43	158685	82931	13	25	0.00
193	782	46	35	35	31	25	5849492	5552617	5528883	5528883	5447538	5238787	162	641359	5623444	52.96	241520	146055	8	15	0.00
194	658	99	85	73	58	38	5490075	5271118	5239335	5156403	4897754	4173775	167	301975	5310816	55.56	101246	52977	17	35	0.00
195	102	45	36	33	26	22	5825995	5805131	5786471	5770466	5642925	5499080	52	1057986	5810173	57.51	371583	163011	6	11	0.00
196	108	46	31	28	28	19	5638108	5617738	5584754	5562988	5562988	5262234	52	1355494	5621338	57.38	354023	210571	5	10	0.00
197	134	52	42	41	36	32	6413144	6384065	6365038	6356845	6270731	6129849	62	575939	6390426	60.05	225636	140070	9	18	0.00
198	279	207	164	131	69	31	5304576	5276132	5172658	4939296	3919813	2601276	219	229714	5283564	55.53	48922	24593	32	71	0.00
199	120	57	39	34	28	23	5588955	5567539	5534448	5497037	5404916	5230411	63	885686	5571811	52.06	260804	186908	8	14	0.00
200	89	32	25	24	23	18	4742079	4721896	4705926	4698416	4685927	4501481	38	1031848	4725606	57.70	347149	153452	4	9	0.00
201	92	18	17	15	14	12	3420296	3391803	3390283	3375658	3365247	3300626	30	584532	3399964	71.88	388188	232449	4	6	0.00
202	142	57	39	34	28	23	5596019	5567394	5534308	5496897	5404776	5230271	62	885686	5571030	52.06	260804	186908	8	14	0.00
203	45	17	13	13	13	11	4547594	4538520	4531530	4531530	4531530	4476583	19	1282805	4539774	52.82	592373	288273	3	5	0.00
204	100	56	38	33	27	22	5582187	5567005	5534044	5496627	5404506	5230001	62	885695	5571277	52.06	289997	190021	7	13	0.00
205	51	32	22	22	21	19	5444057	5436386	5416628	5416628	5402511	5342638	36	847109	5439610	53.01	462305	219676	5	10	0.00
206	134	72	48	40	30	26	6695012	6669343	6611681	6557386	6380979	6205146	85	656102	6678381	60.84	356649	162414	8	14	0.00
208	115	56	39	34	28	23	5586913	5567166	5535738	5498327	5406206	5231701	61	885686	5570802	52.06	260804	186908	8	14	0.00
209	364	37	25	21	17	17	6101167	5970890	5947206	5915591	5841872	5841872	89	901272	6001665	58.50	394441	293062	5	9	0.00
210	105	54	43	40	37	33	5614673	5597047	5578901	5556901	5512894	5364769	59	441203	5600491	52.16	175060	120884	10	19	0.00
211	206	98	67	52	39	29	5123620	5082433	5005319	4893327	4676890	4319431	118	300739	5096476	55.42	146720	91318	12	23	0.00
213	205	87	42	32	27	20	5055806	5006777	4898443	4826203	4748821	4487805	117	663986	5027000	56.50	239753	136834	6	12	0.00
215	106	52	43	40	37	33	5615637	5596428	5579418	5557418	5513629	5365066	58	441325	5600718	52.16	175112	120884	10	19	0.00
216	57	32	26	24	24	17	5716219	5706905	5693533	5679168	5679168	5457433	37	1287288	5710290	57.24	821795	167506	3	8	0.00
217	77	36	29	26	24	19	5070892	5056676	5040125	5020270	4987684	4812500	41	867256	5059595	53.58	397400	204855	5	9	0.00
218	112	56	32	30	26	22	5825236	5804585	5747437	5735569	5658949	5511049	66	760939	5811327	51.90	256484	159168	6	14	0.00
219	126	58	42	39	36	30	5966709	5941104	5910492	5882183	5831803	5634254	69	878529	5948776	57.41	249993	107849	8	16	0.00
220	121	48	40	39	31	23	5547572	5520601	5502279	5495926	5356004	5070548	60	555672	5528801	61.88	255986	189955	7	13	0.00
222	163	57	39	34	28	23	5605883	5567465	5534352	5496935	5404814	5230309	70	885686	5575425	52.07	260804	186908	8	14	0.00
223	147	56	32	30	26	22	5837795	5804558	5747567	5735699	5659061	5511175	72	760939	5814570	51.90	256484	159168	6	14	0.00
224	199	100	65	52	39	28	5123085	5084136	4991659	4893708	4677120	4283708	120	300739	5098560	55.42	146720	91335	12	23	0.00
225	78	34	23	21	18	15	4574254	4558231	4536771	4523756	4463597	4382112	40	2108689	4562077	56.08	265875	168031	2	8	0.00
226	131	56	44	41	37	33	5623306	5597929	5578807	5556807	5491994	5343754	62	441325	5602125	52.16	175430	120884	10	19	0.00
227	1704	1325	482	177	29	24	12077647	11865751	9668072	7544769	5326557	5165807	1527	537969	12012624	57.25	18957	6241	61	365	0.00
228	141	56	46	43	38	30	5496501	5467343	5449773	5424149	5331020	5046255	64	483359	5472479	55.34	245246	105284	9	17	0.00
229	268	98	67	51	38	28	5155108	5087884	5006267	4884863	4660875	4301458	127	300739	5107559	55.40	146720	93173	12	22	0.00
230	98	52	39	35	34	25	5834511	5817757	5793638	5767890	5745122	5457845	59	871676	5823042	57.28	263567	141135	6	14	0.00
232	81	34	21	19	19	15	5110109	5092999	5059406	5044004	5044004	4915009	41	1310740	5098034	52.53	508837	418070	3	6	0.00
233	72	31	25	23	21	15	4764052	4749459	4738135	4725730	4696425	4506913	36	823304	4753165	54.69	473186	244116	4	8	0.00
234	101	54	44	41	37	33	5613087	5596893	5579859	5557859	5493109	5344783	61	441325	5601390	52.16	175196	120884	10	19	0.00
235	75	33	26	26	26	24	5492315	5477082	5460568	5460568	5460568	5397257	37	511534	5479894	53.21	333397	264579	7	12	0.00
236	94	51	38	34	33	25	5833192	5818944	5794057	5768309	5745541	5499052	55	871676	5821452	57.28	263567	141135	6	14	0.00
237	96	51	38	34	33	25	5832900	5817455	5793387	5767639	5744871	5498247	57	871604	5821735	57.28	263567	140939	6	14	0.00
238	108	57	34	31	26	22	5824800	5805603	5748619	5729095	5638252	5496914	66	760939	5812008	51.90	256484	159168	6	14	0.00
239	94	47	36	33	26	22	5821872	5804960	5779089	5763084	5635543	5491709	54	1057938	5810277	57.51	371583	163745	6	11	0.00
240	33	15	12	11	10	9	4492381	4485144	4481381	4476155	4459523	4425290	21	1248655	4488946	65.93	497437	383483	3	6	0.00
241	94	46	38	37	31	26	6324745	6305219	6288978	6282823	6187896	5999227	61	799174	6314736	60.08	390084	162291	7	13	0.00
242	748	44	26	21	17	17	6575045	6274329	6246121	6208662	6134863	6134863	198	901272	6369798	58.40	453424	321959	5	9	0.00
243	113	54	33	31	27	23	5824772	5801289	5747482	5735689	5659054	5511189	70	760939	5811858	51.90	237790	159168	7	14	0.00
244	122	60	51	48	41	32	5488805	5467849	5451283	5425659	5294782	4963909	66	483214	5471916	55.34	199456	101636	10	20	0.00
245	162	83	47	37	31	22	4995314	4961614	4870369	4803541	4701273	4351839	106	437526	4977182	56.62	207851	124380	9	16	0.00
247	100	53	40	36	34	26	5835016	5817918	5793562	5767814	5725134	5478369	60	871460	5822462	57.28	258159	141134	6	14	0.00
248	179	97	65	50	37	28	5089952	5056101	4970685	4863035	4645786	4319226	118	300739	5071179	55.40	146720	92991	12	22	0.00
249	209	82	58	55	45	37	6782940	6733592	6689368	6670613	6502713	6215379	95	448622	6742864	61.23	203097	105196	11	23	0.00
250	973	546	129	77	38	20	5294549	5035068	4240957	3875234	3275663	2634551	809	291461	5234694	42.02	52430	8939	20	83	0.00
251	110	56	43	37	29	20	5509519	5487389	5467132	5430086	5294277	4972885	68	698613	5496354	51.78	281128	159783	6	12	0.00
252	57	27	18	17	16	12	5290231	5280510	5263000	5257467	5239170	5118780	30	2444877	5282277	55.40	432163	278404	2	6	0.00
253	101	51	39	35	34	25	5834895	5815400	5793122	5767374	5744606	5450233	61	871350	5822713	57.28	263567	141135	6	14	0.00
254	81	38	31	28	25	20	5072075	5057684	5040307	5019976	4965542	4790392	42	867433	5060042	53.58	397529	170971	5	10	0.00
255	243	105	55	42	31	24	5268133	5216373	5125497	5028824	4866689	4641215	128	552502	5232872	48.57	248076	114739	8	16	0.00
256	128	61	46	40	34	29	6350466	6322074	6284732	6242743	6131050	5959798	81	654876	6335179	60.18	285418	175887	8	15	0.00
257	143	65	56	53	47	32	4735818	4704502	4687070	4665510	4563457	3998016	82	282879	4715790	53.34	140074	77681	13	25	0.00
259	103	56	39	34	28	23	5583355	5565977	5534010	5496593	5404472	5229967	63	885686	5571260	52.06	260804	186908	8	14	0.00
260-1	97	52	39	35	34	25	5834315	5817095	5793256	5767508	5744740	5457544	62	871676	5823797	57.28	263567	141113	6	14	0.00
260-2	86	39	32	29	27	21	5073053	5056534	5039982	5020443	4987857	4762722	43	1157485	5059614	53.58	312893	170971	5	11	0.00
261	100	57	39	34	28	23	5581966	5567616	5534219	5496808	5404687	5230304	62	885686	5571234	52.06	260804	186908	8	14	0.00
263	112	56	32	30	26	22	5826347	5805508	5747628	5735760	5659122	5511236	67	760939	5812696	51.90	256484	159168	6	14	0.00
264	73	30	18	17	16	12	5237288	5222469	5197614	5192039	5172344	5047813	36	2566778	5226489	55.31	497489	376748	2	4	0.00
265	101	52	39	35	33	25	5834715	5817113	5793150	5767402	5725111	5478580	59	871532	5822185	57.28	263567	141135	6	14	0.00
266	189	98	66	51	38	28	5123243	5087680	5006778	4894786	4678349	4319578	118	300739	5101738	55.40	146719	93174	12	22	0.00
268	104	54	44	41	37	33	5613526	5597442	5579438	5557438	5492650	5344455	57	441325	5599570	52.16	175016	120884	10	19	0.00
269	135	61	55	52	46	31	4730186	4699038	4683524	4662044	4559595	3994370	82	282879	4712731	53.34	151627	77681	13	24	0.00
270	124	64	56	53	43	34	5375315	5351950	5335053	5312596	5148576	4814533	76	436868	5360569	55.40	147099	105965	12	23	0.00
271	112	57	39	34	28	23	5586766	5567765	5534447	5497036	5404916	5230411	64	885686	5572772	52.06	260804	186908	8	14	0.00
272	100	50	36	35	30	22	5560556	5542682	5510133	5502164	5412508	5108958	56	609113	5546728	53.16	266840	136517	7	13	0.00
274	106	58	39	34	28	23	5583719	5566940	5530891	5493474	5401353	5227102	65	885692	5571963	52.06	260804	186908	8	14	0.00
275	102	52	39	35	33	25	5835325	5816708	5793300	5767552	5725093	5478669	60	871676	5822459	57.28	263567	141135	6	14	0.00
276	143	68	50	44	37	25	5699384	5672932	5635057	5595694	5463936	5011527	77	745329	5679380	57.45	230591	117478	8	17	0.00
277	90	58	37	32	26	21	5579523	5568895	5530208	5493721	5401600	5227095	62	885686	5571707	52.06	280390	188292	7	13	0.00
278	64	29	23	22	20	15	4762548	4749606	4738282	4731090	4701785	4542158	36	823304	4754381	54.69	492585	244116	4	8	0.00
279	102	55	41	39	34	26	5558322	5542046	5509993	5495118	5405278	5109218	61	526135	5546051	53.16	254604	106849	8	16	0.00
280	73	32	26	25	24	19	4735144	4720534	4706081	4698571	4686082	4501636	37	1031977	4724139	57.70	283754	145938	4	10	0.00
281	93	45	30	27	27	18	5634025	5616858	5580915	5559149	5559149	5262892	54	1355372	5622750	57.37	354023	210571	5	10	0.00
282	49	20	14	14	14	12	4924385	4914146	4902307	4902307	4902307	4850089	24	1953857	4917044	55.17	619311	274808	2	5	0.00
283	131	67	52	47	39	26	5695246	5672104	5641396	5607308	5463539	4990641	74	745498	5677464	57.45	212372	117478	8	18	0.00
284	164	96	64	52	39	29	5075351	5047148	4960710	4874580	4659972	4300544	114	301152	5059944	55.41	140717	91338	12	23	0.00
287	99	56	39	34	28	23	5582430	5566155	5534369	5496952	5404831	5230326	64	885686	5572107	52.06	260804	186908	8	14	0.00
288	135	76	46	42	37	30	6844453	6817241	6748050	6717711	6631281	6370294	96	600037	6831669	61.16	328616	141156	8	16	0.00
289	118	56	46	44	39	31	5488262	5468929	5450564	5434394	5341265	5056478	60	483554	5471633	55.34	256827	94887	9	18	0.00
290	106	51	39	35	33	25	5836365	5816402	5793553	5767805	5725346	5478473	60	871676	5822503	57.28	263567	141119	6	14	0.00
292	69	29	17	16	15	11	5236871	5222563	5197540	5191965	5172270	5047739	36	2566778	5227225	55.31	497489	305689	2	5	0.00
294	549	56	35	33	28	21	6094940	5900322	5857096	5841894	5765981	5504354	119	1171197	5939044	57.55	403000	186091	5	10	0.00
295	509	35	21	19	19	15	5280398	5092917	5058913	5043511	5043511	4914516	95	1310606	5130107	52.52	508456	418070	3	6	0.00
296	171	51	38	34	33	25	5862401	5817017	5793074	5767326	5744558	5498134	68	871532	5828466	57.28	263567	141135	6	14	0.00
297	198	46	36	33	26	22	5861672	5805327	5783990	5767985	5640444	5496884	61	1057938	5815519	57.51	371583	162995	6	11	0.00
298	168	53	39	35	34	25	5862089	5819896	5794580	5768832	5746064	5458732	64	871676	5826710	57.28	263567	141135	6	14	0.00
299	141	34	21	19	19	15	5132010	5091701	5058772	5043370	5043370	4914375	48	1310740	5101651	52.53	508456	418070	3	6	0.00
300	141	17	13	13	13	11	4582644	4538076	4531266	4531266	4531266	4476319	26	2132047	4543484	52.82	592373	288273	2	4	0.00
301	374	122	66	50	43	31	6304600	6202623	6086834	5981327	5850811	5447137	166	369471	6232491	56.74	218020	111940	11	21	0.00
302	50	19	15	14	14	11	5255658	5244990	5234786	5229250	5229250	5137047	23	1859403	5247485	55.50	1135003	278142	2	5	0.00
303	453	65	51	45	42	36	6947064	6792137	6758231	6718240	6671435	6490467	123	921571	6828313	61.19	304904	119972	8	19	0.00
304	136	59	49	45	39	33	5493409	5468940	5450577	5419110	5306974	5104929	64	416637	5472219	55.35	244290	91688	9	19	0.00
305	106	57	39	34	28	23	5584952	5567612	5534220	5496803	5404682	5230299	64	885686	5572617	52.06	260804	186908	8	14	0.00
306	101	45	36	33	26	22	5824045	5803453	5784975	5768970	5641451	5498726	54	1058109	5810016	57.51	371583	163745	6	11	0.00
307	89	54	43	40	36	33	5610644	5598168	5580032	5558032	5493178	5377448	59	441325	5601921	52.16	175292	120884	10	19	0.00
308	150	57	37	34	31	26	5275928	5238499	5201726	5182050	5129687	4956546	82	783104	5254659	52.37	250562	138549	8	15	0.00
310	42	13	11	10	10	8	4364106	4353757	4349140	4343615	4343615	4288623	15	2411543	4355094	52.93	2411543	456842	1	3	0.00
311	68	25	17	16	16	13	4774619	4761081	4742477	4735921	4735921	4638236	27	1230503	4762554	57.69	580546	271027	3	6	0.00
312	55	30	23	22	16	15	5548145	5537809	5520527	5514018	5423355	5385363	35	935058	5541662	59.31	554665	266044	4	8	0.00
313	102	53	39	35	34	25	5836188	5818145	5793754	5768006	5745238	5457755	59	871676	5822208	57.28	263567	141135	6	14	0.00
314	104	55	43	39	38	28	5835417	5817506	5794159	5767313	5744545	5409966	62	795387	5822481	57.28	247875	136943	8	16	0.00
315	77	52	40	39	34	18	3017971	3007469	2984665	2978145	2880533	2286357	58	309855	3011950	48.24	139025	52210	7	18	0.00
316	62	35	27	24	21	15	5804173	5793500	5776882	5758029	5708247	5483982	40	1829499	5797066	58.50	610473	254541	3	7	0.00
318	53	28	21	19	18	15	4403098	4393201	4380764	4365398	4344813	4263122	33	982442	4397033	53.00	392384	242008	4	8	0.00
320	115	57	39	34	28	23	5585561	5567179	5534391	5496974	5404853	5230348	63	606849	5571352	52.06	278987	186908	8	15	0.00
321	303	215	142	97	56	24	7409581	7371625	7180713	6853676	6212293	5142146	235	913560	7387500	46.30	159722	36673	8	34	0.00
322	183	56	39	34	28	23	5611514	5565923	5534081	5496791	5404555	5230050	67	885686	5573366	52.06	260804	186908	8	14	0.00
323	110	56	38	33	27	22	5585564	5567184	5534223	5496812	5404691	5230186	62	885686	5571490	52.06	280390	186908	7	14	0.00
324	130	59	49	46	39	32	5492111	5469341	5450978	5425354	5291646	5056202	64	416466	5472605	55.34	245246	85952	9	19	0.00
325	98	56	45	42	37	33	5612912	5597411	5579265	5557265	5476233	5328115	61	441325	5601260	52.16	175112	120884	10	19	0.00
326	202	103	65	50	38	28	5126199	5088197	4989997	4881915	4676976	4319580	122	300741	5101885	55.40	146720	93173	12	22	0.00
327	113	56	44	41	37	33	5616082	5597982	5578896	5556932	5492357	5344254	60	441203	5600687	52.16	175337	120884	10	19	0.00
328	136	58	45	44	41	34	6201003	6171781	6145617	6136586	6097623	5869974	72	521518	6180596	55.75	186375	142121	12	21	0.00
330	389	39	25	25	22	18	4661062	4522084	4491894	4491894	4444942	4277336	95	634679	4555688	66.24	357612	154166	5	10	0.00
331	437	19	14	13	13	11	4938549	4772543	4763913	4755525	4755525	4699663	79	1301340	4808379	56.09	632426	270485	3	6	0.00
332	116	49	38	34	33	25	5840121	5815959	5793938	5767092	5744324	5497900	56	871676	5820879	57.28	263567	141116	6	14	0.00
333	35	13	11	10	10	8	4361700	4353842	4349191	4343666	4343666	4288674	17	2411615	4356364	52.93	2411615	456842	1	3	0.00
334	105	55	43	37	29	20	5508328	5487804	5469036	5432508	5296696	4975262	65	698733	5495555	51.78	281128	159795	6	12	0.00
335	164	68	39	34	28	23	5634387	5597319	5534353	5496936	5404815	5230310	81	885692	5606901	51.92	260804	186908	8	14	0.00
336	37	22	17	16	14	14	4538272	4531554	4522678	4517292	4487199	4487199	27	1008489	4535360	66.25	489901	376000	4	6	0.00
337	60	31	25	23	23	17	5718280	5707501	5693935	5679710	5679710	5487821	35	1287288	5709973	57.24	821795	190149	3	8	0.00
338	102	57	39	34	27	22	5582863	5567308	5534347	5496930	5388963	5214458	64	885686	5572099	52.06	289999	188292	7	13	0.00
339	97	43	31	28	28	19	5635047	5615603	5586419	5562031	5562031	5261226	52	1355438	5621267	57.37	338823	191129	5	11	0.00
340	37	12	11	10	9	8	3403386	3391612	3390092	3384817	3374406	3340007	21	754414	3398161	71.89	641659	593957	3	4	0.00
341	63	28	18	17	17	14	5278999	5266577	5248351	5242836	5242836	5150521	32	2285097	5268963	55.53	573096	224994	2	6	0.00
342	58	32	27	25	23	17	4991508	4982274	4969433	4954939	4925341	4729645	33	852486	4983236	51.83	506383	208040	4	8	0.00
344	404	47	34	32	28	25	10781599	10641156	10613232	10595103	10525735	10428930	96	2054092	10670760	43.75	805181	323332	5	10	0.00
345	38	13	11	10	10	8	4362344	4353597	4348982	4343457	4343457	4288465	15	2411519	4355077	52.93	2411519	456827	1	3	0.00
346	149	92	69	60	45	36	8108981	8087018	8041430	7975573	7713077	7394777	103	885686	8094793	46.64	220152	136558	12	23	0.00
347	88	35	28	25	24	21	5074326	5055214	5038672	5019132	5005571	4906901	40	878902	5058787	53.58	373940	190415	5	11	0.00
348	236	80	59	52	44	37	8147743	8089543	8050995	8003348	7877529	7639471	99	885686	8101640	46.65	260804	182924	12	22	0.00
349	58	32	25	23	23	17	5716143	5706880	5690490	5675504	5675504	5484192	36	1287288	5709637	57.23	821795	190149	3	8	0.00
350	105	61	51	46	42	36	6807998	6789306	6760963	6728479	6673458	6476198	74	921250	6798433	61.21	304904	119973	8	19	0.00
352	70	41	35	32	29	27	5614835	5603449	5586923	5570190	5512767	5429639	47	871279	5607501	62.97	283196	174170	7	13	0.00
353	378	88	68	64	54	42	5973077	5859278	5820768	5789109	5625116	5210949	128	287822	5883994	62.55	136250	76571	16	30	0.00
354	2042	1453	308	72	36	25	11014597	10648469	7845054	6264897	5798133	5457871	1862	871676	10946076	55.00	40920	4376	26	387	0.00
355	67	28	20	20	19	16	5511347	5495517	5480365	5480365	5456270	5352986	36	1114858	5501222	56.12	424431	217910	4	8	0.00
356	125	61	52	50	38	32	5375917	5351295	5332172	5317321	5100446	4897340	73	436853	5359707	55.40	178658	85587	11	20	0.00
357	315	25	17	16	15	15	4649744	4536760	4522678	4517292	4500307	4500307	58	749637	4557854	66.18	489813	349767	4	7	0.00
358	203	100	67	53	40	29	5123351	5083490	4996530	4894587	4677913	4285169	120	300739	5097477	55.42	140717	91335	12	23	0.00
359	41	20	16	15	15	12	4477571	4471030	4464057	4458851	4458851	4378135	22	2119882	4472302	52.89	592373	260428	2	5	0.00
360	112	57	38	33	27	22	5585695	5566904	5531160	5493749	5401628	5227245	63	885680	5570954	52.06	280390	186908	7	14	0.00
361	169	46	31	28	28	19	5613971	5567509	5528429	5505381	5505381	5209209	65	1355482	5579010	57.42	313707	210571	5	10	0.00
362	103	54	43	40	37	33	5614057	5597823	5579677	5557676	5513887	5365579	58	441322	5600761	52.16	175292	120884	10	19	0.00
363	70	29	21	21	20	17	5511291	5495385	5480254	5480254	5456159	5352669	36	1114809	5500487	56.12	424431	217910	4	8	0.00
364	68	29	20	20	19	16	5511136	5495407	5478021	5478021	5453926	5350483	38	1114809	5501710	56.12	422251	217910	4	8	0.00
365	127	80	58	56	45	39	6752471	6732410	6689167	6676677	6493751	6287849	92	448621	6741106	61.23	200276	105163	12	23	0.00
366	122	65	54	52	42	34	5374195	5353750	5331949	5316516	5154517	4873403	73	353123	5359385	55.40	166777	85574	12	23	0.00
367	83	43	32	31	23	19	5880319	5864761	5845293	5836530	5713316	5578965	51	938343	5870471	58.43	380820	229527	4	10	0.00
368	52	32	18	17	17	14	5311148	5301762	5271478	5266313	5266313	5170142	39	1404468	5307175	52.11	468610	225266	3	7	0.00
369	369	53	43	40	36	33	5718158	5597125	5580031	5558031	5493079	5377349	90	441325	5619407	52.18	175292	120884	10	19	0.00
370	118	56	29	25	22	17	5694807	5668545	5604897	5580996	5527949	5366876	72	1538401	5680107	53.88	436044	215029	4	8	0.00
371	119	58	49	46	40	33	5487732	5467335	5450967	5425344	5310399	5075033	63	368997	5470708	55.34	172484	105099	11	20	0.00
372	150	97	69	64	55	46	10981553	10957099	10905185	10867735	10718515	10423068	115	847109	10970149	52.53	260804	177082	12	25	0.00
374	153	32	26	24	22	17	5752610	5705983	5692611	5678241	5641742	5486874	48	1287165	5716034	57.25	821623	190149	3	8	0.00
375	108	62	50	43	37	32	6807012	6788878	6754019	6704827	6603715	6450739	72	921014	6795774	61.21	315025	130472	8	17	0.00
376	59	18	13	13	13	10	4885500	4872342	4862915	4862915	4862915	4773063	22	1932230	4874758	55.17	868311	447041	2	4	0.00
377	133	62	50	47	42	36	6197684	6171481	6145349	6119600	6042687	5850268	72	521201	6178548	55.75	178427	134635	12	23	0.00
378	90	30	24	23	21	15	4771478	4749491	4738167	4730975	4701670	4512158	37	823304	4754484	54.69	473186	244116	4	8	0.00
380	100	43	34	33	28	24	6332120	6308790	6289547	6283392	6190609	6054686	56	771220	6317536	60.08	390187	175377	7	12	0.00
381	177	87	66	64	51	33	5604997	5567245	5521832	5506625	5271036	4626289	106	378896	5582127	53.14	141243	68173	12	26	0.00
382	117	60	31	26	22	17	5691301	5667551	5607359	5570977	5516220	5355147	75	1206936	5678060	53.89	514783	207040	4	9	0.00
383	438	38	26	26	22	16	4674127	4520272	4494048	4494048	4427082	4180018	77	748165	4544033	66.37	426620	154275	4	9	0.00
384	272	138	79	70	64	49	12545179	12481535	12345595	12286948	12188807	11658744	186	1709817	12516259	57.85	355310	139257	11	25	0.00
385	150	55	37	34	31	26	5276448	5235526	5201685	5182009	5129646	4956640	87	783104	5256238	52.37	250562	137256	8	15	0.00
386	103	52	39	35	34	25	5836228	5817531	5793546	5767798	5745030	5457714	60	871676	5822980	57.28	263567	141135	6	14	0.00
387	154	65	49	43	39	34	6823508	6790548	6752581	6712278	6655842	6504434	75	920327	6797354	61.21	315024	119972	8	19	0.00
388	120	61	27	24	21	16	5694531	5668189	5590155	5571984	5520485	5359204	77	1709663	5680241	53.88	527582	226461	3	7	0.00
389	260	45	28	27	24	21	4910825	4831040	4792818	4783445	4734033	4644361	62	542806	4841641	56.72	271488	150827	6	12	0.00
390	96	48	38	35	28	24	5823485	5806107	5783915	5767910	5640369	5497486	55	654609	5811182	57.51	349814	190843	7	12	0.00
391	4355	1073	391	168	27	4	7728007	6372338	4666816	3030374	968301	244953	1644	79127	6741612	56.98	9054	4051	204	477	0.00
392	112	55	41	41	34	30	6318479	6297386	6264607	6264607	6149769	5975528	65	579661	6304390	60.22	242503	173547	8	16	0.00
393	94	54	44	41	37	33	5610684	5597523	5579518	5557518	5492736	5344690	57	441325	5599787	52.16	175292	120884	10	19	0.00
394	79	47	37	34	27	22	5818694	5806372	5787084	5771079	5640060	5464572	54	1025531	5811239	57.51	371583	163745	6	11	0.00
395	211	35	25	21	17	17	6036030	5967238	5949573	5917958	5844239	5844239	55	901272	5979667	58.52	394441	293185	5	9	0.00
396	128	47	31	30	27	23	5427419	5396218	5362397	5354255	5299815	5166664	64	537969	5407119	52.36	256783	191909	8	13	0.00
398	102	58	33	28	23	18	5684098	5665622	5609975	5572277	5500075	5339002	67	1205641	5672457	53.89	515776	207040	4	9	0.00
399	81	26	18	17	17	13	4778202	4760910	4742306	4735750	4735750	4608659	29	1200999	4762911	57.69	580473	271027	3	6	0.00
400	151	57	47	44	37	32	5501316	5469538	5451385	5425762	5294745	5120713	61	416637	5472599	55.35	245510	101636	9	18	0.00
401	6751	463	154	124	73	35	8792756	5769246	5332061	5107892	4236725	2912311	2738	282406	7255548	57.26	34520	1750	53	195	0.00
402	112	56	32	30	26	22	5825353	5805292	5747698	5735830	5659210	5511324	66	760939	5811922	51.90	256484	159168	6	14	0.00
403	101	57	39	34	28	23	5583023	5567835	5534511	5497100	5404979	5230474	63	885686	5572244	52.06	260804	186908	8	14	0.00
404	107	56	32	30	26	22	5825630	5805395	5747841	5735973	5659344	5511444	69	1023528	5814078	51.90	256484	159168	6	14	0.00
405	5159	1223	151	136	105	86	19892787	17781574	16034709	15940587	15398228	14653989	3162	873853	19127170	55.55	165622	64897	33	81	0.00
406	48	21	14	14	14	12	4923567	4914676	4902459	4902459	4902459	4850241	25	1953977	4917080	55.17	619311	274808	2	5	0.00
407	121	25	20	19	17	15	2556709	2521112	2509851	2504678	2470971	2407396	36	301680	2528018	34.72	214273	124121	5	9	0.00
408	1521	1016	387	147	40	27	10633976	10382590	8722335	7076633	5522472	5083212	1210	617097	10523794	54.27	34846	6960	32	247	0.00
409	82	45	32	28	26	24	7237554	7223282	7205838	7178233	7156044	7097033	51	974177	7227550	59.59	328318	265115	7	13	0.00
410	92	45	36	33	26	22	5821749	5804403	5784561	5768556	5641023	5497178	53	1594278	5810060	57.51	371583	135740	5	11	0.00
411	96	41	32	31	26	24	6327844	6307567	6292528	6286372	6194035	6127019	50	799085	6313559	60.08	407409	175250	6	11	0.00
412	127	59	41	39	37	24	5918216	5892937	5854888	5844157	5811072	5383644	69	1185747	5900308	57.20	225829	125914	6	15	0.00
413	163	88	65	63	51	34	5600845	5572463	5525258	5510051	5293389	4693042	103	413491	5582473	53.15	129313	76217	13	26	0.00
414	105	58	40	35	29	24	5583736	5567369	5534408	5496997	5404876	5230375	65	885686	5572147	52.06	220152	185381	8	15	0.00
415	151	80	54	52	43	37	6763759	6736514	6686679	6674084	6529385	6324744	91	415330	6743460	61.23	214016	122291	12	22	0.00
418	68	34	23	23	20	18	4531072	4517728	4493314	4493314	4446379	4358937	40	827879	4521926	66.41	300166	199057	5	9	0.00
419	40	13	11	10	10	8	4363188	4353615	4349000	4343475	4343475	4288483	16	2411615	4355744	52.93	2411615	456827	1	3	0.00
420	52	28	21	19	18	15	4403772	4393149	4380690	4365324	4344739	4263048	36	982346	4398647	53.01	392523	242101	4	8	0.00
421	123	58	48	45	38	30	5490287	5468894	5450802	5425179	5299355	5014820	63	483554	5472365	55.35	234190	105284	9	18	0.00
424	204	65	41	37	35	30	5998272	5944773	5905257	5866386	5826895	5654930	87	878684	5960443	57.39	249871	107849	8	16	0.00
425	108	45	32	30	27	24	10661776	10638248	10609253	10591125	10533911	10437123	53	2064645	10643652	43.73	805182	466988	5	9	0.00
BCW_200001	1146	854	291	114	10	3	4755487	4579165	3100634	1888470	428267	203338	1038	89385	4714389	68.34	7528	3833	169	389	0.00
BCW_200002	1466	83	61	54	36	25	4390336	3818997	3789757	3746374	3439873	3018627	310	344987	3961452	40.53	116202	51993	11	25	0.00
BCW_200003	40	35	34	32	28	22	4415515	4413356	4409434	4394357	4339284	4129751	37	754547	4414767	53.01	211132	143163	7	13	0.00
BCW_200004	75	59	41	33	32	23	5274901	5268124	5224157	5168983	5147916	4848515	64	1471828	5271429	54.82	277473	139508	5	13	0.00
BCW_200005	82	64	43	35	34	23	5276009	5269139	5222668	5167379	5146312	4761286	68	1471044	5271527	54.82	277473	114736	5	13	0.00
BCW_200006	79	65	44	35	33	24	5276000	5270025	5222983	5158491	5114137	4814522	69	1471164	5272589	54.82	277166	102957	5	14	0.00
BCW_200007	72	60	40	31	30	22	5273941	5269613	5220616	5156312	5135245	4865281	61	1782670	5270196	54.82	277473	130641	4	12	0.00
BCW_200008	81	67	51	48	38	29	4044427	4038059	3998438	3976651	3802498	3497592	71	391752	4040773	39.93	125311	70989	10	21	0.00
BCW_200009	63	47	38	36	33	25	4709001	4703080	4686140	4671425	4610539	4331498	48	397035	4703707	55.91	220254	101770	8	16	0.00
BCW_200010	134	101	79	72	62	44	8752610	8736035	8689853	8638679	8452785	7788212	117	514524	8746821	53.48	216849	91682	13	28	0.00
BCW_200011	765	619	295	155	29	0	4752628	4661110	3825688	2847214	937074	0	715	45234	4733306	68.41	12864	6217	112	246	0.00
BCW_200012	47	40	35	35	32	27	4652664	4649503	4634223	4634223	4581360	4434746	43	571738	4651678	55.65	179274	127599	9	17	0.00
BCW_200013	51	39	33	31	31	25	4662206	4656529	4642848	4629706	4629706	4405576	45	732101	4660323	55.72	175636	123669	6	14	0.00
BCW_200014	25	21	16	16	16	12	4920795	4919159	4908059	4908059	4908059	4788924	22	1428687	4919813	55.18	481277	387541	3	6	0.00
BCW_200015	55	42	35	33	32	25	4662778	4656313	4640667	4626684	4614479	4356676	48	453653	4660467	55.72	174551	128948	7	15	0.00
BCW_200016	26	18	14	14	14	12	4920701	4918298	4909112	4909112	4909112	4853862	18	1428687	4918298	55.18	515228	387541	3	6	0.00
BCW_200017	33	26	22	19	19	16	4887629	4885263	4873329	4852798	4852798	4763139	27	848543	4885799	55.21	368582	240775	5	9	0.00
BCW_200018	75	55	42	40	36	23	4861623	4851983	4824343	4808171	4732568	4274123	63	668762	4857514	55.93	176651	126030	8	16	0.00
BCW_200019	440	356	190	100	37	24	7038351	6985920	6515995	5890567	4928165	4459395	413	495713	7028059	48.70	134391	17934	14	54	0.00
BCW_200020	175	145	111	102	89	59	8539654	8522919	8436920	8373464	8143877	7121921	160	360601	8533991	48.57	118362	68249	23	47	0.00
BCW_200021	240	187	144	129	102	65	10402145	10376295	10278482	10164096	9731572	8398075	207	508445	10390402	55.83	131529	60714	26	54	0.00
BCW_200022	3954	1317	62	43	34	23	8243644	6717899	4511021	4383784	4230155	3830981	2846	969022	7805571	53.90	45250	1563	25	627	0.00
BCW_200023	94	65	51	49	40	24	4863672	4851163	4819972	4805860	4647161	4091088	73	636394	4856740	55.93	171076	93324	9	18	0.00
BCW_200024	4887	1760	49	19	17	15	9404885	7594686	4596184	4398732	4377567	4321486	3561	1702016	8881600	55.02	8463	1432	24	979	0.00
BCW_200025	80	56	43	41	36	22	4862374	4852175	4826594	4809269	4709206	4219052	62	636388	4856504	55.93	212185	126012	8	16	0.00
BCW_200026	31	24	19	17	17	15	4887135	4885142	4871384	4857578	4857578	4802215	24	854966	4885142	55.21	508063	274766	4	8	0.00
BCW_200027	58	42	32	30	26	19	4704377	4694305	4671582	4657962	4578190	4336509	53	504232	4702542	56.02	372016	169981	6	11	0.00
BCW_200028	2368	95	42	40	36	26	6870996	5860773	5778091	5758366	5693304	5354261	685	754518	6238074	57.28	223091	99884	8	17	0.00
BCW_200029	60	45	33	32	28	21	4706602	4697612	4670620	4664838	4583996	4335767	53	504668	4704038	56.02	336477	121068	6	13	0.00
BCW_200030	111	77	63	59	47	36	5825736	5811610	5780120	5747316	5533217	5148593	83	565414	5815773	57.66	161234	86492	12	24	0.00
BCW_200031	65	33	21	21	21	18	5164031	5150113	5123352	5123352	5123352	5037711	41	809843	5156387	52.04	554737	165240	4	8	0.00
BCW_200032	90	76	60	52	40	26	3780259	3773901	3737718	3669342	3463049	2951794	83	288778	3778041	40.12	100621	56115	12	24	0.00
BCW_200033	94	29	27	27	25	18	4385580	4361487	4356642	4356642	4322470	4089908	36	795480	4365524	53.05	335269	154446	5	9	0.00
BCW_200034	29	20	15	15	15	12	4953628	4950446	4939658	4939658	4939658	4850067	22	1428702	4951645	55.07	548399	421725	3	6	0.00
BCW_200035	32	24	18	18	18	14	4954352	4951728	4938533	4938533	4938533	4819314	25	1428822	4952240	55.07	448512	242648	4	7	0.00
BCW_200036	48	34	27	26	23	15	4877533	4872578	4857697	4850039	4803959	4517124	35	886171	4873507	52.15	409136	242410	5	9	0.00
BCW_200037	472	406	301	238	135	58	10722360	10689572	10411429	9943490	8284677	5543043	434	220252	10708624	56.30	51582	27777	55	126	0.00
BCW_200039	267	213	159	137	89	57	9758312	9728531	9596342	9439716	8663600	7514921	245	663581	9750661	53.42	109736	59848	24	54	0.00
BCW_200040	33	27	22	22	21	18	4377889	4375770	4361450	4361450	4348479	4245284	28	819014	4376296	53.06	392370	161310	4	8	0.00
BCW_200041	82	57	42	41	37	23	4863356	4851850	4822161	4813708	4738105	4238573	66	636406	4857869	55.93	176651	126014	8	17	0.00
BCW_200042	4541	1010	166	141	90	50	11863033	9955998	8650316	8462544	7655063	6200698	2758	586931	11172374	53.65	58053	11095	40	134	0.00
BCW_200043	92	83	74	72	53	31	4942265	4937673	4919485	4901952	4568714	3776194	87	537119	4940458	55.96	111186	50362	14	30	0.00
BCW_200044	63	44	37	36	31	24	3901808	3893376	3880168	3872168	3778935	3516518	50	321010	3897629	39.98	177220	95712	8	15	0.00
BCW_200045	89	61	42	33	32	24	5279746	5268689	5223710	5159506	5138439	4868530	67	1255225	5272611	54.82	231625	130757	6	14	0.00
BCW_200046	619	559	344	207	72	16	6809678	6773039	6204181	5198703	3141514	1249759	599	136869	6801742	63.41	21162	10228	84	198	0.00
BCW_200047	53	43	32	30	27	22	4706746	4702271	4683012	4668297	4608526	4434101	47	647550	4704630	55.91	224662	142138	7	13	0.00
BCW_200048	507	271	190	162	100	49	8656805	8559881	8373689	8177555	7171005	5439123	312	454383	8589390	53.63	75515	32901	31	75	0.00
BCW_200049	53	41	31	31	30	27	5872030	5867775	5841415	5841415	5818162	5717210	41	706107	5867775	55.46	312725	123954	6	13	0.00
BCW_200050	39	26	21	20	20	16	5022013	5017115	5006894	5000747	5000747	4883681	29	570454	5018954	55.00	459115	261187	5	9	0.00
BCW_200051	37	21	19	17	14	11	2376878	2369120	2361729	2351050	2305457	2183644	28	479491	2373743	34.85	227838	105494	4	7	0.00
BCW_200052	5418	1421	54	28	24	18	9107057	6899039	4560683	4399682	4319066	4137004	3498	832895	8355986	56.41	46232	1336	19	875	0.00
BCW_200053	60	43	33	32	31	28	5874276	5867898	5842116	5836791	5813538	5712433	45	706107	5869318	55.46	313778	124100	6	14	0.00
BCW_200054	60	41	31	30	26	19	4706406	4695559	4672242	4666460	4585843	4341751	51	860149	4703072	56.02	336641	110613	5	11	0.00
BCW_200055	125	96	79	73	57	30	4709183	4696633	4659833	4621034	4345680	3341427	102	356602	4701087	56.02	87154	45214	17	34	0.00
BCW_200056	260	206	135	118	82	43	6247661	6215474	6035764	5915133	5297202	3929879	237	260132	6238767	60.73	62940	33272	29	61	0.00
BCW_200057	692	581	232	83	5	0	3445771	3377986	2414351	1320179	186752	0	650	45786	3429401	69.29	8380	4373	127	266	0.00
BCW_200058	457	414	276	189	90	24	6960672	6933561	6551562	5937737	4285837	1908663	442	153694	6954797	63.39	33709	16751	63	136	0.00
BCW_200060	150	121	103	92	59	33	5291610	5280035	5238376	5164603	4569824	3616816	128	237768	5284410	53.47	91461	40900	19	41	0.00
BCW_200061	122	88	66	60	49	35	5800184	5784206	5737280	5691101	5509613	5017646	99	532529	5792006	53.66	140926	82824	11	24	0.00
BCW_200063	5795	948	192	43	4	0	5777197	3484725	1743134	708178	147992	0	2574	48738	4552468	66.43	3582	1092	317	881	0.00
BCW_200064	56	44	33	31	28	21	4707593	4702668	4682559	4667889	4608118	4342355	47	647550	4704387	55.91	239722	110612	6	13	0.00
BCW_200065	152	128	106	95	62	42	5785610	5774401	5717427	5630940	5063160	4319660	136	441092	5779607	60.47	85592	49647	20	43	0.00
BCW_200066	113	68	45	41	35	28	4420033	4398207	4354189	4328876	4237613	4005249	86	427185	4410853	52.67	160818	77455	9	19	0.00
BCW_200067	1220	825	158	38	5	1	3260735	3020245	1437026	629770	195782	57717	1078	57717	3205252	70.45	4377	2315	194	444	0.00
BCW_200068	297	254	197	162	96	38	6817584	6795832	6646732	6386011	5267486	3188534	270	217057	6807309	61.16	46966	27632	43	90	0.00
BCW_200069	59	40	36	33	30	25	5701469	5692664	5682855	5665819	5613976	5439938	46	683427	5697186	55.94	273520	175394	7	14	0.00
BCW_200070	92	78	67	61	52	35	5855389	5850665	5824563	5777091	5597637	4973394	79	437668	5851165	57.46	143984	86166	14	27	0.00
BCW_200071	80	71	63	59	45	32	4373174	4369198	4349071	4319754	4087086	3576074	74	254968	4371377	53.03	106272	61374	14	27	0.00
BCW_200072	187	170	147	114	75	44	5850147	5843402	5780984	5529201	4882770	3739786	173	162713	5845730	57.45	68373	37493	30	59	0.00
BCW_200073	584	540	369	221	59	10	6513892	6485411	5986474	4890893	2309594	650066	573	79319	6510281	60.65	19538	10078	102	221	0.00
BCW_200074	2688	1507	101	18	12	8	6534048	5802657	2891868	2364299	2282503	2127988	2303	709469	6381478	46.10	4060	1849	168	766	0.00
BCW_200077	57	42	32	28	22	13	2613405	2607192	2583192	2554435	2473572	2152803	47	477935	2610414	34.71	219555	77485	4	11	0.00
BCW_200078	913	641	129	25	1	0	2447240	2283003	1061127	364262	33289	0	807	33289	2407443	72.40	4362	2364	160	351	0.00
BCW_200079	756	52	38	31	22	14	2897590	2615742	2584638	2534671	2390731	2110036	157	401136	2680447	35.00	150089	75686	6	13	0.00
BCW_200080	3112	1468	217	51	19	12	7656402	6803584	3963841	2862344	2414499	2143677	2164	478045	7303993	47.48	5758	2497	159	654	0.00
BCW_200081	67	52	40	38	33	26	3839691	3833943	3806475	3790424	3691546	3455073	54	378165	3835458	40.03	140617	84940	9	18	0.00
BCW_200082	56	41	31	31	25	22	5057351	5049250	5029674	5029674	4931379	4828311	48	726590	5054367	55.75	245964	158575	7	14	0.00
BCW_200083	87	71	62	57	49	37	5843248	5836511	5816465	5777101	5614155	5167799	74	349150	5838576	55.84	150609	95187	15	27	0.00
BCW_200084	61	43	33	31	27	21	5843965	5835498	5816725	5799190	5717627	5498658	49	1201823	5839950	55.84	294638	198710	6	12	0.00
BCW_200085	7761	2351	478	168	44	27	14584388	11982602	8000862	5849076	3996053	3388839	4205	367877	13240619	50.80	7751	2493	257	1030	0.00
BCW_200086	91	71	60	58	51	35	5843266	5833414	5803526	5785991	5649826	5076625	78	373284	5838721	55.84	154881	95071	13	25	0.00
BCW_200087	846	691	374	202	62	30	10647709	10550380	9738306	8534538	6400791	5341407	799	728388	10630309	54.17	51073	12583	30	153	0.00
BCW_200089	2305	1618	482	151	27	6	8305229	7894505	5103980	2816968	1021235	338933	2034	68595	8199836	66.34	6699	3387	310	737	0.00
BCW_200091	4746	2244	204	58	4	0	7533071	6078650	1918628	943708	142428	0	3705	48507	7122981	65.54	2622	1394	676	1624	0.00
BCW_200092	44	33	29	27	27	22	4628469	4621705	4612769	4599409	4599409	4420546	41	728560	4627577	55.75	245201	134391	6	12	0.00
BCW_200093	131	109	96	84	64	38	5980935	5969928	5938231	5841213	5457882	4528977	118	338991	5976172	55.83	102500	52187	18	38	0.00
BCW_200094	817	32	27	24	21	18	5177394	4870695	4861366	4839145	4783228	4695643	126	750223	4927268	55.74	266391	188374	6	11	0.00
BCW_200095	33	26	19	19	18	15	4894135	4891715	4873624	4873624	4861862	4772142	27	1083811	4892232	55.21	467317	272845	4	8	0.00
BCW_200096	83	67	57	52	47	41	5827119	5819697	5792335	5755619	5676902	5463129	71	305747	5823147	55.86	142582	98089	14	26	0.00
BCW_200097	111	20	17	16	16	13	4090160	4054802	4050420	4044876	4044876	3942919	28	815557	4059887	38.60	370255	322431	4	6	0.00
BCW_200098	8825	1761	361	210	73	29	14829511	11094240	8638122	7557645	5425196	3879045	5104	519752	13386061	50.63	14504	1608	140	905	0.00
BCW_200099	117	104	90	82	60	41	5823922	5817574	5775076	5716687	5361935	4658501	109	282676	5821184	55.86	104527	68469	19	36	0.00
BCW_200100	72	50	34	34	28	21	3799658	3790924	3750350	3750350	3635491	3399796	53	519787	3793175	40.11	201188	96724	7	13	0.00
BCW_200101	332	71	49	44	36	27	5244483	5142369	5093234	5058021	4950709	4617468	99	425520	5160475	37.89	179321	121116	9	18	0.00
BCW_200102	29	25	20	20	19	16	4893334	4891487	4879548	4879548	4867786	4778086	27	1083843	4892681	55.22	467257	206389	4	8	0.00
BCW_200103	538	473	285	162	25	2	4432686	4398316	3847969	2976035	881157	132661	499	70059	4419191	67.05	14503	7891	97	200	0.00
BCW_200104	75	56	52	51	44	31	4969069	4961935	4951317	4943253	4803992	4373332	59	578039	4963786	55.53	175605	81389	10	21	0.00
BCW_200105	53	23	22	21	17	15	3966321	3953189	3949058	3940539	3877648	3819090	29	786503	3958035	38.72	365330	163380	4	8	0.00
BCW_200106	159	142	118	102	71	37	5599706	5590070	5523251	5401946	4872539	3656236	152	206902	5596967	57.29	79644	37907	24	50	0.00
BCW_200107	36	31	27	25	23	18	4777220	4775031	4765084	4751276	4712858	4532425	32	1351579	4775956	55.70	297019	172774	5	10	0.00
BCW_200108	971	263	154	117	75	46	9442082	9144252	8906489	8614734	7895126	6904050	395	768466	9231626	47.91	107009	48055	16	47	0.00
BCW_200109	36	25	19	19	18	15	5047336	5043902	5030083	5030083	5019446	4930096	26	1019142	5044458	55.04	560961	261138	4	7	0.00
BCW_200111	56	40	25	25	23	19	5009531	5004539	4975008	4975008	4943058	4800426	41	574975	5005140	53.38	322325	189401	6	10	0.00
BCW_200112	39	22	21	21	17	14	3961688	3953931	3949636	3949636	3886723	3794554	27	786496	3957407	38.72	365454	182114	4	7	0.00
BCW_200113	3993	274	72	69	56	41	7784231	6018365	5750546	5725405	5512328	4951696	1557	339008	6854418	55.30	104395	42216	20	46	0.00
BCW_200114	55	49	37	35	31	23	5276143	5273502	5242877	5231716	5168249	4874176	51	1399872	5274567	55.51	215082	132950	5	14	0.00
BCW_200115	87	58	45	38	32	20	4302730	4288919	4257906	4209271	4095568	3658424	68	394257	4296206	50.67	194039	125079	8	15	0.00
BCW_200116	38	26	24	21	18	14	3960357	3954151	3948882	3925051	3876170	3734751	32	786483	3958056	38.72	365350	163760	4	8	0.00
BCW_200117	162	146	122	104	67	36	5598375	5590562	5521376	5384289	4746917	3674537	151	217146	5593947	57.29	78522	35999	23	49	0.00
BCW_200118	32	21	21	20	16	13	3959773	3954070	3954070	3948515	3885664	3777442	26	786595	3957780	38.72	367413	182099	4	7	0.00
BCW_200119	38	22	22	20	16	13	3961683	3954034	3954034	3939894	3877033	3769065	30	786497	3959380	38.73	367426	182098	4	7	0.00
BCW_200120	88	74	62	57	47	32	5603295	5597166	5569727	5530077	5351670	4855509	78	383649	5599666	57.30	190032	80962	10	22	0.00
BCW_200121	52	35	24	21	18	13	2485566	2478284	2456210	2433639	2383112	2215511	40	450129	2482013	34.72	205251	88394	4	9	0.00
BCW_200122	40	28	21	20	20	17	5047968	5044413	5027646	5021191	5021191	4931821	29	1018806	5045039	55.04	468268	209990	4	7	0.00
BCW_200123	79	51	39	38	32	26	5799566	5786139	5761052	5755806	5640244	5418964	64	1208285	5794764	55.87	217400	131718	6	14	0.00
BCW_200124	262	95	78	73	61	45	5859298	5784026	5749112	5710451	5493482	4894621	140	336197	5813463	55.81	104613	63896	18	36	0.00
BCW_200126	312	86	65	59	50	40	7546310	7462012	7416166	7369890	7197810	6844822	104	561812	7473382	47.13	223409	110526	12	24	0.00
BCW_200127	3255	2004	349	128	40	28	12947767	12185794	8477246	6984965	5747672	5345667	2804	1208238	12767425	50.87	13584	3346	76	619	0.00
BCW_200128	34	24	18	17	14	12	2343960	2340543	2331675	2326491	2273743	2193214	26	484382	2341656	34.85	261159	109737	3	7	0.00
BCW_200129	132	108	88	79	66	45	5796271	5784968	5737745	5672754	5440026	4671866	118	320025	5791476	55.86	96867	55322	19	39	0.00
BCW_200130	62	39	30	28	20	19	3736510	3724477	3702316	3686568	3537822	3508887	52	559210	3733535	42.25	257712	128239	5	11	0.00
BCW_200131	425	364	183	112	36	24	7242493	7203876	6742602	6215458	5050262	4642023	404	731781	7234596	48.56	150712	19342	12	54	0.00
BCW_200132	109	91	77	73	62	44	5796547	5787619	5749834	5719900	5520975	4856176	99	357307	5793190	55.87	93612	68728	18	36	0.00
BCW_200133	5570	713	23	22	22	19	8592231	6013337	5024883	5018428	5018428	4929013	3028	1018806	7603866	55.30	157225	1200	9	429	0.00
BCW_200134	314	273	191	152	79	32	5750607	5728227	5507402	5209724	3975972	2342314	295	123320	5744240	57.25	38343	21649	45	94	0.00
BCW_200135	3532	1520	88	42	32	26	9951326	8754687	6068522	5779050	5608232	5386017	2724	1208127	9635673	47.56	88301	2207	19	472	0.00
BCW_200136	118	92	73	68	58	39	5797810	5784990	5735745	5700145	5508710	4825403	103	277199	5792200	55.86	121460	74306	17	32	0.00
BCW_200137	104	77	66	63	56	36	5797620	5783496	5755322	5731786	5607922	4906678	91	487233	5793101	55.87	144994	86587	14	28	0.00
BCW_200138	41	25	19	18	15	13	2344876	2339404	2330570	2325289	2272605	2191985	28	483549	2341199	34.85	199730	109657	4	8	0.00
BCW_200139	217	191	155	124	72	38	5755210	5743506	5647827	5417530	4516774	3406327	199	284242	5748618	57.26	60340	27798	28	65	0.00
BCW_200140	3081	929	526	330	119	28	11950648	11008736	10013375	8588471	5226419	2048288	1427	131231	11338297	55.19	22883	10237	138	322	0.00
BCW_200141	53	38	31	30	28	22	4991149	4984047	4969004	4964002	4919391	4722835	44	561853	4988040	53.32	303840	144325	6	12	0.00
BCW_200142	86	71	57	54	48	36	5602878	5596049	5562087	5539701	5433724	5010975	78	381013	5600370	57.30	188327	82669	11	24	0.00
BCW_200143	81	63	48	42	36	29	5632633	5624218	5591732	5553324	5442291	5207572	70	503091	5629349	52.87	216778	120049	9	18	0.00
BCW_200144	91	56	39	34	29	24	5639845	5626190	5585135	5552396	5470329	5306868	62	1535733	5630390	52.87	243364	125748	5	12	0.00
BCW_200145	118	94	75	67	51	36	5434721	5420881	5378583	5320770	5060028	4489095	105	331486	5429814	52.08	123552	69223	15	30	0.00
BCW_200146	239	73	63	57	51	34	5689488	5623397	5600960	5561582	5460539	4830544	96	469717	5638277	52.84	131987	83704	12	26	0.00
BCW_200147	2556	262	125	105	78	41	6988389	5907368	5690846	5542995	5056730	3781033	999	210001	6397621	57.83	62632	29996	31	69	0.00
BCW_200148	5577	952	50	47	43	29	9540623	7022069	5726443	5705590	5637530	5166941	3288	851913	8643783	55.51	92511	1313	17	478	0.00
BCW_200149	86	64	48	42	38	28	5634610	5624795	5588096	5547394	5480423	5109580	72	628030	5630253	52.87	198369	106687	8	17	0.00
BCW_200150	34	25	20	16	15	10	2460943	2456873	2442230	2415305	2401060	2224204	28	405116	2458891	34.90	333528	124989	4	7	0.00
BCW_200151	154	115	75	67	52	34	5584905	5561961	5487013	5423531	5176036	4485416	138	503056	5579012	52.06	127806	67186	15	29	0.00
BCW_200152	74	53	35	30	26	22	5633999	5625188	5583178	5550399	5483329	5354982	60	1535728	5629780	52.87	430620	160631	4	10	0.00
BCW_200153	467	435	258	155	37	5	4465459	4448503	3952217	3184523	1295331	288511	450	70429	4459595	66.20	16930	9143	84	172	0.00
BCW_200154	62	56	52	50	45	33	4489413	4487653	4480643	4467508	4387570	3968389	56	502789	4487653	66.19	123486	76754	11	23	0.00
BCW_200155	100	76	61	55	47	33	5435425	5422173	5387038	5342524	5212912	4675625	90	521831	5431780	52.08	139058	78480	12	25	0.00
BCW_200156	173	163	132	109	72	43	5754948	5749834	5663316	5494180	4882476	3870706	168	207519	5753030	57.27	71026	34993	27	54	0.00
BCW_200157	173	119	80	70	52	35	5586644	5555341	5480860	5409782	5111963	4479954	150	478486	5578366	52.06	120531	63123	16	30	0.00
BCW_200158	42	21	17	17	13	12	2362941	2355682	2345847	2345847	2286177	2245915	25	540961	2358190	35.50	210530	146477	4	7	0.00
BCW_200159	40	20	18	18	14	12	2361627	2354397	2348494	2348494	2286064	2220764	24	515999	2357106	35.49	210530	146477	4	7	0.00
BCW_200160	37	19	17	17	13	12	2361229	2354912	2352568	2352568	2290377	2250115	22	540961	2357057	35.50	210530	150938	4	7	0.00
BCW_200161	57	43	32	29	29	25	5604254	5597178	5573726	5553580	5553580	5439453	50	927082	5601590	57.30	383821	167837	5	12	0.00
BCW_200162	99	65	46	45	41	30	5300210	5284828	5245551	5239317	5163711	4774219	76	475263	5292018	52.48	183040	99601	10	19	0.00
BCW_200163	38	21	17	17	13	12	2360991	2355469	2344056	2344056	2283954	2247130	24	540961	2357131	35.49	210530	146477	4	7	0.00
BCW_200164	142	124	103	90	66	39	5599482	5589517	5529948	5428509	5016069	4094061	132	274124	5595619	57.30	89390	45557	20	42	0.00
BCW_200165	56	41	32	29	28	23	5604492	5596684	5577051	5556312	5533358	5381176	48	904024	5601513	57.30	380995	167400	5	11	0.00
BCW_200166	365	305	217	154	78	44	9764451	9729989	9480015	9016886	7762000	6593289	337	1208252	9754587	51.98	91728	32625	20	62	0.00
BCW_200167	76	56	44	43	37	30	5798690	5788359	5765264	5760018	5646568	5399825	66	1208244	5795022	55.87	216294	93636	7	17	0.00
BCW_200168	100	85	71	68	58	43	5494217	5486990	5450526	5426230	5261600	4736755	91	246283	5490796	53.08	112864	65184	17	33	0.00
BCW_200169	64	44	33	30	29	23	5606013	5597100	5570577	5550409	5527587	5349222	51	904166	5601526	57.30	270115	170205	6	12	0.00
BCW_200170	185	172	141	122	77	39	5756015	5749974	5653708	5510131	4732054	3348384	177	217099	5752947	57.27	54586	33315	31	63	0.00
BCW_200171	109	67	53	46	40	31	5611852	5596185	5561743	5506512	5416326	5113873	73	694182	5599892	57.30	184477	100515	10	20	0.00
BCW_200172	75	49	35	34	30	24	5800547	5788475	5753813	5745106	5663480	5462102	58	1208252	5794841	55.87	248432	159476	6	13	0.00
BCW_200173	789	461	160	52	4	0	2480171	2332844	1564635	799849	142963	0	546	47360	2393301	72.95	7028	3772	100	215	0.00
BCW_200174	42	21	18	18	14	12	2359051	2351326	2342781	2342781	2285382	2213512	26	540982	2354608	35.50	210530	146477	4	7	0.00
BCW_200175	38	25	20	18	15	13	2344305	2339392	2331859	2316944	2263061	2182532	29	454875	2341880	34.86	190271	115468	5	8	0.00
BCW_200176	136	116	90	75	55	36	5140407	5129011	5071482	4973173	4602445	3959065	128	309545	5137408	55.82	88127	61005	18	35	0.00
BCW_200177	85	54	40	40	35	29	5800358	5785980	5756316	5756316	5661150	5460494	68	1208217	5795008	55.87	216294	105024	7	16	0.00
BCW_200178	6350	2198	299	180	62	19	11276275	8979464	5433426	4621843	2759650	1296493	4368	131353	10507003	54.17	5712	1538	266	1303	0.00
BCW_200179	85	64	49	48	43	34	7332913	7322684	7287669	7282416	7187573	6872075	73	562045	7328691	47.42	261073	159803	10	19	0.00
BCW_200180	58	44	32	28	21	12	2620438	2614909	2586361	2557791	2442313	2099629	48	466531	2617593	34.66	188591	74166	5	11	0.00
BCW_200181	57	45	38	36	31	21	4990063	4985146	4968522	4956652	4855147	4502263	48	593826	4987038	53.32	278621	131358	7	14	0.00
BCW_200182	176	161	136	116	72	38	5757607	5751898	5682180	5536612	4778357	3584435	162	284379	5752598	57.27	70372	34395	26	56	0.00
BCW_200183	78	63	55	50	44	30	4989002	4981403	4959755	4923616	4814569	4317889	70	292697	4986155	53.32	140313	98445	12	22	0.00
BCW_200184	79	63	52	49	44	30	5761593	5755241	5724512	5704389	5620598	5162160	66	680914	5756995	57.28	188264	91223	8	19	0.00
BCW_200185	112	88	64	54	45	33	5369281	5357595	5302947	5233429	5088063	4665534	96	438866	5363606	54.82	123380	81206	11	24	0.00
BCW_200186	757	624	344	198	60	9	6189499	6107800	5401303	4369388	2248042	574908	709	91108	6171381	56.47	17195	8376	102	227	0.00
BCW_200187	67	53	43	39	36	29	4990616	4984903	4959684	4929596	4871459	4630434	57	444595	4987164	53.32	223409	104913	9	17	0.00
BCW_200188	46	27	23	20	16	15	2458269	2450198	2441007	2422320	2359327	2320619	31	272800	2453227	34.87	197140	142338	6	9	0.00
BCW_200189	253	197	147	132	105	76	11231631	11204589	11088071	10966632	10491001	9468715	217	432048	11219263	55.15	117947	70397	30	60	0.00
BCW_200191	2614	721	130	111	80	41	8099588	7036993	6108112	5970293	5430787	4065268	1742	244908	7758534	52.34	59473	17316	38	100	0.00
BCW_200192	32	24	24	21	17	16	2453798	2450599	2450599	2431815	2368822	2330114	27	272800	2452566	34.87	223913	142328	5	9	0.00
BCW_200193	65	50	27	23	22	19	5371213	5363856	5315747	5287094	5272802	5183392	56	771404	5368442	54.82	397239	209988	5	10	0.00
BCW_200194	70	57	49	47	42	32	4989219	4983086	4959229	4945929	4852099	4490989	62	431580	4986400	53.32	144822	88273	11	21	0.00
BCW_200195	254	228	175	133	71	32	5751665	5738053	5588126	5278624	4212370	2866212	241	181114	5746962	57.26	49413	23136	33	76	0.00
BCW_200196	30	22	22	20	16	15	2453821	2449866	2449866	2436400	2373419	2334711	26	272800	2452903	34.88	229112	142338	5	9	0.00
BCW_200197	64	47	39	37	33	26	4990972	4983593	4965878	4953249	4876731	4640030	52	561731	4986977	53.32	238309	107001	7	15	0.00
BCW_200198	325	179	26	18	16	12	2894454	2810593	2475860	2431652	2399492	2268241	268	451987	2874012	34.59	171646	93073	6	11	0.00
BCW_200199	154	136	117	98	64	41	5757514	5749733	5705539	5560650	4986109	4173639	141	359902	5752781	57.27	81214	46316	21	44	0.00
BCW_200200	188	173	144	117	78	38	5755869	5749263	5659370	5454153	4832569	3436566	178	181111	5752263	57.27	65002	32097	28	61	0.00
BCW_200201	238	209	167	140	84	30	5755813	5741060	5623667	5409341	4512380	2632130	220	310040	5749172	57.26	45871	26409	36	77	0.00
BCW_200202	782	694	325	117	21	1	4549335	4494245	3488167	2059037	682985	59803	753	59803	4538169	66.69	9169	5138	139	309	0.00
BCW_200203	83	64	47	40	33	25	5786430	5778850	5744176	5692699	5572627	5318784	68	1166686	5781619	57.64	280450	110473	6	14	0.00
BCW_200204	793	519	323	202	70	10	6242467	6107288	5579158	4703930	2639772	692361	625	128075	6181127	56.60	21551	10358	90	196	0.00
BCW_200205	1769	1297	360	114	42	29	9420449	9142509	6816785	5155050	4145856	3659843	1582	560143	9347802	53.08	13132	4619	73	401	0.00
BCW_200206	37	29	21	20	20	17	5036982	5034249	5015817	5009362	5009362	4919992	30	1019034	5034875	55.06	458023	209982	4	8	0.00
BCW_200207	2005	1388	262	121	67	37	9423208	9046849	6347123	5403152	4621265	3568428	1776	257248	9332708	60.32	23505	3847	69	410	0.00
BCW_200208	105	94	82	75	59	41	5478903	5474448	5442936	5390663	5120813	4479706	95	333730	5475415	58.53	105758	56985	17	35	0.00
BCW_200209	2179	1221	110	12	1	0	3838095	3268843	835257	204012	46530	0	1793	46530	3685964	70.09	2789	1596	386	826	0.00
BCW_200210	52	39	31	30	28	23	4991071	4985733	4968057	4963055	4918444	4753625	43	562069	4988039	53.32	278567	144390	7	13	0.00
BCW_200211	284	265	210	165	83	35	6390267	6379056	6218743	5878237	4513168	2863084	274	172439	6386425	60.37	42871	21741	43	95	0.00
BCW_200212	1571	1203	403	123	14	0	6207059	5981791	3914416	1978795	460650	0	1445	45012	6158278	65.46	6761	3659	261	567	0.00
BCW_200213	67	51	37	32	28	23	5632855	5624941	5592308	5558350	5491300	5327843	58	1535728	5630005	52.87	307709	126771	5	12	0.00
BCW_200214	50	36	27	27	25	20	4991259	4984452	4962768	4962768	4918157	4753309	41	644104	4988268	53.32	303840	212366	6	11	0.00
BCW_200215	146	138	121	99	64	36	5346127	5341426	5292943	5134472	4529999	3579233	144	241470	5345372	59.32	83114	34070	22	47	0.00
BCW_200216	30	23	17	17	17	14	4875976	4873059	4860068	4860068	4860068	4770452	26	1381972	4874910	55.17	477944	242645	4	7	0.00
BCW_200217	167	141	118	100	73	43	5782784	5770056	5714883	5583170	5145548	4077214	149	187117	5776178	57.63	78767	43901	26	49	0.00
BCW_200218	72	60	52	51	45	32	4895356	4888305	4868969	4862967	4763000	4278824	69	766938	4894530	55.90	123875	72716	11	23	0.00
BCW_200219	73	57	50	49	41	29	4896098	4887676	4871026	4865024	4720422	4283394	66	766901	4893881	55.90	131932	93767	10	20	0.00
BCW_200221	82	60	48	44	40	27	5763849	5754615	5722915	5696973	5628913	5191793	66	801039	5758224	57.28	268248	123289	7	15	0.00
BCW_200222	5348	1924	387	211	69	17	11534652	9842404	6598849	5360493	3156614	1312359	3179	162055	10710637	62.27	10003	2583	211	798	0.00
BCW_200223	191	172	137	114	77	32	5757591	5749645	5653561	5489720	4855866	3227958	177	301924	5752925	57.27	66034	34116	26	59	0.00
BCW_200224	635	96	47	40	38	29	6486748	6243318	6134554	6083454	6060023	5768357	252	856451	6344152	56.49	250336	100484	9	18	0.00
BCW_200225	83	61	48	46	41	26	5763602	5755597	5719178	5704188	5615702	5107974	64	1243664	5757394	57.28	268249	91224	6	15	0.00
BCW_200226	52	39	32	31	29	24	4990920	4984924	4968783	4963781	4919170	4753284	44	562075	4988097	53.32	254522	144373	7	14	0.00
BCW_200227	53	38	32	31	29	23	4991031	4984201	4970133	4965131	4920520	4723684	43	562069	4987477	53.32	278707	176064	7	13	0.00
BCW_200228	206	189	155	129	80	36	5753435	5744616	5650512	5459652	4619206	3039728	197	161864	5750271	57.26	51373	29688	33	70	0.00
BCW_200229	180	30	20	18	16	11	2530251	2463705	2440675	2430594	2398410	2241831	70	451987	2490851	35.11	284906	156404	4	7	0.00
BCW_200230	130	108	70	62	52	40	6243816	6233134	6143716	6086081	5902636	5483000	117	482380	6239814	56.60	119488	81558	13	29	0.00
BCW_200231	61	47	38	36	29	26	5000605	4993723	4975498	4958278	4831100	4731543	54	462399	4998228	52.81	264418	117481	8	15	0.00
BCW_200232	33	24	24	21	17	16	2454795	2451198	2451198	2432406	2369430	2330722	26	272800	2452712	34.88	223913	142338	5	9	0.00
BCW_200233	136	120	99	87	69	38	5760112	5753267	5699130	5609428	5318559	4247405	124	279561	5755995	57.27	91193	47518	19	40	0.00
BCW_200234	191	164	132	118	83	40	5754834	5739359	5656803	5557728	4994171	3510652	179	193071	5750726	57.26	64075	34184	29	60	0.00
BCW_200235	231	205	159	133	82	35	5754780	5743325	5618920	5421169	4539509	2860153	214	155268	5749229	57.26	48314	28039	36	74	0.00
BCW_200236	102	90	79	72	59	39	5759911	5754785	5726654	5682119	5452750	4742682	92	461852	5756192	57.27	127626	60265	15	32	0.00
BCW_200237	84	65	52	48	43	29	5763303	5755199	5724114	5694899	5606558	5140101	70	851913	5758390	57.28	268276	92514	7	17	0.00
BCW_200238	33	25	25	22	17	15	2454011	2450611	2450611	2431827	2354170	2272648	28	272800	2452530	34.87	223913	142338	5	9	0.00
BCW_200239	172	151	109	94	71	43	6241989	6231596	6127017	6010262	5626634	4627522	159	338433	6237261	56.60	94671	46272	23	45	0.00
BCW_200240	302	272	206	149	71	30	5748972	5732120	5552053	5147138	3854461	2392096	289	132935	5744054	57.25	41439	20618	41	91	0.00
BCW_200241	35	25	18	16	14	10	2465947	2461690	2443657	2433484	2401182	2269189	28	451987	2463952	34.77	284924	156093	4	7	0.00
BCW_200242	533	461	340	253	128	52	10554155	10515626	10193788	9562053	7454471	4701333	496	296407	10540424	55.78	44259	22992	65	147	0.00
BCW_200243	1337	1066	511	261	92	32	10622595	10460046	8983530	7197711	4693778	2504661	1232	226272	10581611	55.49	19023	7864	120	345	0.00
